Name,Request Count,Failure Count,Average Response Time,Requests/s,Failures/s,Ramp_Speed,Users,Observation_Time,Failure_Rate
/,53,0,18104.611786359143,0.9195862789628754,0.0,2.0,50,60,0.0
/cart,18,0,4134.998910500144,0.312312321157203,0.0,2.0,50,60,0.0
/cart,8,0,6626.740319252349,0.1388054760698679,0.0,2.0,50,60,0.0
/cart/checkout,2,0,8305.682202502794,0.0347013690174669,0.0,2.0,50,60,0.0
/product/0PUK6V6EV0,3,0,4918.486813665368,0.0520520535262004,0.0,2.0,50,60,0.0
/product/1YMWWN1N4O,11,0,5481.999684459879,0.1908575295960684,0.0,2.0,50,60,0.0
/product/2ZYFJ3GM2N,9,0,5004.50968466531,0.1561561605786015,0.0,2.0,50,60,0.0
/product/66VCHSJNUP,14,0,5797.834519001689,0.2429095831222689,0.0,2.0,50,60,0.0
/product/6E92ZMYYFZ,7,0,5703.408198574574,0.1214547915611344,0.0,2.0,50,60,0.0
/product/9SIQT8TOJO,4,0,6851.025081501575,0.0694027380349339,0.0,2.0,50,60,0.0
/product/L9ECAV7KIM,7,0,5069.681554712588,0.1214547915611344,0.0,2.0,50,60,0.0
/product/LS4PSXUNUM,9,0,6958.067602224118,0.1561561605786015,0.0,2.0,50,60,0.0
/product/OLJCESPC7Z,11,0,4782.082975180608,0.1908575295960684,0.0,2.0,50,60,0.0
/setCurrency,8,0,20084.717945999728,0.1388054760698679,0.0,2.0,50,60,0.0
Aggregated,164,0,10265.770809372849,2.8455122594322937,0.0,2.0,50,60,0.0
/,98,98,3535.653467897572,0.8460545340737334,0.8460545340737334,2.0,50,120,100.0
/cart,130,130,889.3296837843641,1.1223172390774017,1.1223172390774017,2.0,50,120,100.0
/cart,111,111,639.3499918732224,0.9582862579814736,0.9582862579814736,2.0,50,120,100.0
/cart/checkout,29,29,422.5579168966666,0.2503630764095741,0.2503630764095741,2.0,50,120,100.0
/product/0PUK6V6EV0,59,59,875.6847103731608,0.509359362350513,0.509359362350513,2.0,50,120,100.0
/product/1YMWWN1N4O,51,51,597.1101806678823,0.440293686099596,0.440293686099596,2.0,50,120,100.0
/product/2ZYFJ3GM2N,55,55,748.612257308824,0.4748265242250545,0.4748265242250545,2.0,50,120,100.0
/product/66VCHSJNUP,56,56,1784.8708648562024,0.4834597337564191,0.4834597337564191,2.0,50,120,100.0
/product/6E92ZMYYFZ,47,47,510.4914658527668,0.4057608479741375,0.4057608479741375,2.0,50,120,100.0
/product/9SIQT8TOJO,60,60,912.4108235504536,0.5179925718818776,0.5179925718818776,2.0,50,120,100.0
/product/L9ECAV7KIM,54,54,501.8961784818977,0.4661933146936898,0.4661933146936898,2.0,50,120,100.0
/product/LS4PSXUNUM,53,53,490.0537443395049,0.4575601051623252,0.4575601051623252,2.0,50,120,100.0
/product/OLJCESPC7Z,50,50,1369.7835586205474,0.4316604765682313,0.4316604765682313,2.0,50,120,100.0
/setCurrency,93,93,706.0251418496132,0.8028884864169104,0.8028884864169104,2.0,50,120,100.0
Aggregated,946,946,1093.5897396015184,8.167016216670937,8.167016216670937,2.0,50,120,100.0
/,82,29,28712.975999464463,0.4731650684369533,0.1673388656667273,2.0,50,180,35.36585365853659
/cart,107,77,3382.906920121679,0.6174227112530976,0.4443135398737244,2.0,50,180,71.96261682242991
/cart,103,81,2344.4894418832155,0.5943414884025144,0.4673947627243074,2.0,50,180,78.64077669902912
/cart/checkout,38,29,2198.2697968931843,0.2192716170805393,0.1673388656667273,2.0,50,180,76.31578947368422
/product/0PUK6V6EV0,37,25,4300.416169378583,0.2135013113678935,0.1442576428161442,2.0,50,180,67.56756756756756
/product/1YMWWN1N4O,47,29,5192.315627999747,0.2712043684943512,0.1673388656667273,2.0,50,180,61.70212765957447
/product/2ZYFJ3GM2N,55,42,3152.084269836037,0.3173668141955174,0.2423528399311224,2.0,50,180,76.36363636363637
/product/66VCHSJNUP,46,36,1922.5125910227728,0.2654340627817055,0.2077310056552477,2.0,50,180,78.26086956521739
/product/6E92ZMYYFZ,58,40,3202.691191533412,0.3346777313334547,0.2308122285058308,2.0,50,180,68.96551724137932
/product/9SIQT8TOJO,43,30,3945.018293860241,0.2481231456437681,0.1731091713793731,2.0,50,180,69.76744186046511
/product/L9ECAV7KIM,46,36,1610.2496700860563,0.2654340627817055,0.2077310056552477,2.0,50,180,78.26086956521739
/product/LS4PSXUNUM,40,31,3091.775457899712,0.2308122285058308,0.1788794770920189,2.0,50,180,77.5
/product/OLJCESPC7Z,54,41,2702.483320259759,0.3115965084828717,0.2365825342184766,2.0,50,180,75.92592592592592
/setCurrency,78,63,6319.949258730235,0.4500838455863701,0.3635292598966836,2.0,50,180,80.76923076923077
Aggregated,834,589,5873.418110762473,4.812434964346574,3.3987100647483595,2.0,50,180,70.62350119904077
/,90,61,17302.83834777753,0.390560224646424,0.2647130411492429,2.0,50,240,67.77777777777779
/cart,148,111,2957.8175002292533,0.6422545916407861,0.4816909437305895,2.0,50,240,75.0
/cart,145,108,3970.748231366401,0.6292359174859052,0.4686722695757088,2.0,50,240,74.48275862068967
/cart/checkout,37,24,2965.541654027687,0.1605636479101965,0.1041493932390463,2.0,50,240,64.86486486486487
/product/0PUK6V6EV0,67,48,3490.7618844475505,0.2907503894590045,0.2082987864780927,2.0,50,240,71.64179104477611
/product/1YMWWN1N4O,63,46,5395.52499790651,0.2733921572524967,0.1996196703748389,2.0,50,240,73.01587301587301
/product/2ZYFJ3GM2N,78,53,5396.17814762814,0.3384855280269008,0.2299965767362274,2.0,50,240,67.94871794871796
/product/66VCHSJNUP,67,48,4568.257121536915,0.2907503894590045,0.2082987864780927,2.0,50,240,71.64179104477611
/product/6E92ZMYYFZ,63,45,4017.6958760465145,0.2733921572524967,0.195280112323212,2.0,50,240,71.42857142857143
/product/9SIQT8TOJO,72,53,3391.6710902926247,0.3124481797171392,0.2299965767362274,2.0,50,240,73.61111111111111
/product/L9ECAV7KIM,77,58,3829.760717806163,0.3341459699752738,0.2516943669943621,2.0,50,240,75.32467532467533
/product/LS4PSXUNUM,62,44,4174.798268676011,0.2690525992008698,0.190940554271585,2.0,50,240,70.96774193548387
/product/OLJCESPC7Z,80,59,3230.141786674176,0.3471646441301546,0.256033925045989,2.0,50,240,73.75
/setCurrency,101,78,8823.242726612583,0.4382953632143202,0.3384855280269008,2.0,50,240,77.22772277227723
Aggregated,1150,836,5375.542004180795,4.990491759370973,3.627870531160116,2.0,50,240,72.69565217391303
/,185,156,5807.530245594625,0.6405799153040689,0.5401646853374851,2.0,50,300,84.32432432432432
/cart,350,329,635.6851620374281,1.2119079478725627,1.139193471000209,2.0,50,300,94.0
/cart,291,280,962.0839437039584,1.0076148938026166,0.9695263582980502,2.0,50,300,96.21993127147766
/cart/checkout,106,101,1007.0209653116214,0.3670349784985476,0.3497220078146538,2.0,50,300,95.28301886792453
/product/0PUK6V6EV0,132,130,254.58652676576148,0.4570624260547951,0.4501372377812376,2.0,50,300,98.48484848484848
/product/1YMWWN1N4O,136,127,785.7298726988066,0.4709128026019101,0.4397494553709014,2.0,50,300,93.38235294117648
/product/2ZYFJ3GM2N,147,137,778.2070855098281,0.5090013381064764,0.4743753967386888,2.0,50,300,93.19727891156462
/product/66VCHSJNUP,165,153,742.2528873640465,0.5713280325684938,0.5297769029271489,2.0,50,300,92.72727272727272
/product/6E92ZMYYFZ,153,142,744.7237889540155,0.5297769029271489,0.4916883674225826,2.0,50,300,92.81045751633988
/product/9SIQT8TOJO,146,137,663.6199344243386,0.5055387439696977,0.4743753967386888,2.0,50,300,93.83561643835615
/product/L9ECAV7KIM,158,150,598.3626421703441,0.5470898736110427,0.5193891205168126,2.0,50,300,94.9367088607595
/product/LS4PSXUNUM,141,137,411.258004212146,0.4882257732858038,0.4743753967386888,2.0,50,300,97.16312056737588
/product/OLJCESPC7Z,128,123,524.3208443677077,0.4432120495076801,0.4258990788237863,2.0,50,300,96.09375
/setCurrency,211,205,1837.3297134175552,0.7306073628603165,0.7098317980396439,2.0,50,300,97.1563981042654
Aggregated,2449,2307,1175.6128901988693,8.479893040971161,7.988204673548578,2.0,50,300,94.20171498570843
/,312,0,6907.491257088943,5.204867368883264,0.0,5.0,250,60,0.0
/cart,130,0,3145.574261900373,2.168694737034693,0.0,5.0,250,60,0.0
/cart,100,0,2709.4439106388018,1.668226720795918,0.0,5.0,250,60,0.0
/cart/checkout,34,0,1535.5954819704707,0.5671970850706121,0.0,5.0,250,60,0.0
/product/0PUK6V6EV0,63,0,3729.22357441377,1.0509828341014282,0.0,5.0,250,60,0.0
/product/1YMWWN1N4O,59,0,3516.3156645936333,0.9842537652695916,0.0,5.0,250,60,0.0
/product/2ZYFJ3GM2N,51,0,2235.696446666421,0.8507956276059182,0.0,5.0,250,60,0.0
/product/66VCHSJNUP,48,0,2435.237026541776,0.8007488259820407,0.0,5.0,250,60,0.0
/product/6E92ZMYYFZ,66,0,2708.0260506964723,1.1010296357253058,0.0,5.0,250,60,0.0
/product/9SIQT8TOJO,55,0,3021.6678484544072,0.9175246964377548,0.0,5.0,250,60,0.0
/product/L9ECAV7KIM,62,0,3109.771066838397,1.034300566893469,0.0,5.0,250,60,0.0
/product/LS4PSXUNUM,55,0,3795.56784449087,0.9175246964377548,0.0,5.0,250,60,0.0
/product/OLJCESPC7Z,52,0,2985.110142154064,0.8674778948138774,0.0,5.0,250,60,0.0
/setCurrency,84,0,6259.530498810428,1.401310445468571,0.0,5.0,250,60,0.0
Aggregated,1171,0,4259.642994924663,19.5349349005202,0.0,5.0,250,60,0.0
/,436,0,991.7711824357392,3.638425082148834,0.0,5.0,250,120,0.0
/cart,534,0,876.4355004022946,4.456236224466692,0.0,5.0,250,120,0.0
/cart,549,0,1172.7246345719905,4.581411399311262,0.0,5.0,250,120,0.0
/cart/checkout,156,0,858.1966258280796,1.301821818383528,0.0,5.0,250,120,0.0
/product/0PUK6V6EV0,301,0,908.8772728237049,2.511848508547705,0.0,5.0,250,120,0.0
/product/1YMWWN1N4O,262,0,861.1654273857707,2.186393053951823,0.0,5.0,250,120,0.0
/product/2ZYFJ3GM2N,267,0,886.06867480843,2.228118112233346,0.0,5.0,250,120,0.0
/product/66VCHSJNUP,283,0,930.7646060601254,2.3616382987342206,0.0,5.0,250,120,0.0
/product/6E92ZMYYFZ,248,0,893.7832893261657,2.069562890763557,0.0,5.0,250,120,0.0
/product/9SIQT8TOJO,273,0,849.96893310958,2.2781881821711742,0.0,5.0,250,120,0.0
/product/L9ECAV7KIM,283,0,938.7992941763116,2.3616382987342206,0.0,5.0,250,120,0.0
/product/LS4PSXUNUM,268,0,834.9070001980302,2.23646312388965,0.0,5.0,250,120,0.0
/product/OLJCESPC7Z,319,0,846.8115561312213,2.662058718361189,0.0,5.0,250,120,0.0
/setCurrency,386,0,1364.670519856902,3.2211744993336016,0.0,5.0,250,120,0.0
Aggregated,4565,0,967.6556778570158,38.094978211030806,0.0,5.0,250,120,0.0
/,345,4,11301.88922536196,1.9199738267834257,0.0222605661076339,5.0,250,180,1.1594202898550725
/cart,327,0,12094.868821397717,1.819801279299073,0.0,5.0,250,180,0.0
/cart,307,2,4929.556739273437,1.7084984487609034,0.0111302830538169,5.0,250,180,0.6514657980456027
/cart/checkout,78,3,3093.371853473983,0.4340810390988614,0.0166954245807254,5.0,250,180,3.8461538461538463
/product/0PUK6V6EV0,157,2,13146.239019878827,0.8737272197246313,0.0111302830538169,5.0,250,180,1.2738853503184715
/product/1YMWWN1N4O,163,1,7297.598024589087,0.9071180688860824,0.0055651415269084,5.0,250,180,0.6134969325153374
/product/2ZYFJ3GM2N,160,3,9188.088182987936,0.8904226443053568,0.0166954245807254,5.0,250,180,1.875
/product/66VCHSJNUP,174,1,8621.213936321694,0.9683346256820756,0.0055651415269084,5.0,250,180,0.5747126436781609
/product/6E92ZMYYFZ,158,2,11098.827318759944,0.8792923612515399,0.0111302830538169,5.0,250,180,1.2658227848101269
/product/9SIQT8TOJO,136,2,12671.346287123975,0.7568592476595533,0.0111302830538169,5.0,250,180,1.4705882352941175
/product/L9ECAV7KIM,139,0,13931.838323568203,0.7735546722402787,0.0,5.0,250,180,0.0
/product/LS4PSXUNUM,176,2,12026.196508459672,0.9794649087358924,0.0111302830538169,5.0,250,180,1.1363636363636365
/product/OLJCESPC7Z,118,2,8432.736709118788,0.6566867001752006,0.0111302830538169,5.0,250,180,1.694915254237288
/setCurrency,194,1,12793.31239248964,1.079637456220245,0.0055651415269084,5.0,250,180,0.5154639175257731
Aggregated,2632,25,10197.37979061501,14.64745249882312,0.139128538172712,5.0,250,180,0.9498480243161094
/,583,0,2002.661862299856,2.436666629119381,0.0,5.0,250,240,0.0
/cart,1163,0,1817.742064772999,4.860794664949983,0.0,5.0,250,240,0.0
/cart,1048,0,2176.791602825811,4.380148588880122,0.0,5.0,250,240,0.0
/cart/checkout,356,0,1419.395048952262,1.4879130702684382,0.0,5.0,250,240,0.0
/product/0PUK6V6EV0,465,0,1738.9668332039184,1.943481959760741,0.0,5.0,250,240,0.0
/product/1YMWWN1N4O,541,0,1700.6012517009913,2.261126323076475,0.0,5.0,250,240,0.0
/product/2ZYFJ3GM2N,592,0,1716.300092121536,2.474282408985718,0.0,5.0,250,240,0.0
/product/66VCHSJNUP,501,0,1660.2838581876165,2.0939450792260885,0.0,5.0,250,240,0.0
/product/6E92ZMYYFZ,481,0,1673.8478154049117,2.010354457300896,0.0,5.0,250,240,0.0
/product/9SIQT8TOJO,548,0,1773.41470761501,2.2903830407502928,0.0,5.0,250,240,0.0
/product/L9ECAV7KIM,518,0,1621.016080366767,2.164997107862503,0.0,5.0,250,240,0.0
/product/LS4PSXUNUM,546,0,1747.768758906654,2.282023978557773,0.0,5.0,250,240,0.0
/product/OLJCESPC7Z,532,0,1658.8049131505818,2.2235105432101383,0.0,5.0,250,240,0.0
/setCurrency,738,0,2604.2166718290337,3.084493949039628,0.0,5.0,250,240,0.0
Aggregated,8612,0,1860.192881435208,35.994121800988175,0.0,5.0,250,240,0.0
/,715,0,3078.5079447427606,2.39076654126435,0.0,5.0,250,300,0.0
/cart,1347,0,1628.3838503951858,4.504003539976335,0.0,5.0,250,300,0.0
/cart,1366,0,2174.4792796941456,4.5675343991148285,0.0,5.0,250,300,0.0
/cart/checkout,463,1,1450.1488753520912,1.5481467253222294,0.0033437294283417,5.0,250,300,0.2159827213822894
/product/0PUK6V6EV0,622,0,1506.1553629020052,2.0797997044285674,0.0,5.0,250,300,0.0
/product/1YMWWN1N4O,707,0,1491.0557966792665,2.3640167058376163,0.0,5.0,250,300,0.0
/product/2ZYFJ3GM2N,718,0,1547.4854039983006,2.4007977295493754,0.0,5.0,250,300,0.0
/product/66VCHSJNUP,675,0,1562.8679950633389,2.25701736413068,0.0,5.0,250,300,0.0
/product/6E92ZMYYFZ,685,0,1486.9725239226495,2.290454658414097,0.0,5.0,250,300,0.0
/product/9SIQT8TOJO,676,0,1446.8142480121076,2.260361093559022,0.0,5.0,250,300,0.0
/product/L9ECAV7KIM,678,0,1544.147687243521,2.2670485524157056,0.0,5.0,250,300,0.0
/product/LS4PSXUNUM,646,0,1473.2451352865949,2.160049210708769,0.0,5.0,250,300,0.0
/product/OLJCESPC7Z,663,0,1538.983835796111,2.216892610990579,0.0,5.0,250,300,0.0
/setCurrency,899,0,2715.6480569865453,3.006012756079232,0.0,5.0,250,300,0.0
Aggregated,10860,1,1809.423972310556,36.31290159179139,0.0033437294283417,5.0,250,300,0.009208103130755
/,443,0,8032.4393607650845,7.400895894455503,0.0,10.0,500,60,0.0
/cart,204,0,3773.6976436718383,3.408087499929848,0.0,10.0,500,60,0.0
/cart,175,0,4812.336991394737,2.923604472979036,0.0,10.0,500,60,0.0
/cart/checkout,55,0,3540.4127978352003,0.9188471200791256,0.0,10.0,500,60,0.0
/product/0PUK6V6EV0,104,0,3361.15467858592,1.7374563725132557,0.0,10.0,500,60,0.0
/product/1YMWWN1N4O,88,0,3121.522134136368,1.470155392126601,0.0,10.0,500,60,0.0
/product/2ZYFJ3GM2N,109,0,2995.414197770131,1.820987928884085,0.0,10.0,500,60,0.0
/product/66VCHSJNUP,105,0,3433.6545054282483,1.7541626837874216,0.0,10.0,500,60,0.0
/product/6E92ZMYYFZ,113,0,3468.3026744608314,1.8878131739807489,0.0,10.0,500,60,0.0
/product/9SIQT8TOJO,99,0,3176.1497588884945,1.653924816142426,0.0,10.0,500,60,0.0
/product/L9ECAV7KIM,86,0,3347.1967858483345,1.436742769578269,0.0,10.0,500,60,0.0
/product/LS4PSXUNUM,85,0,3144.978254212594,1.4200364583041032,0.0,10.0,500,60,0.0
/product/OLJCESPC7Z,79,0,3729.9109451899,1.3197985906591077,0.0,10.0,500,60,0.0
/setCurrency,89,0,9442.162174573055,1.486861703400767,0.0,10.0,500,60,0.0
Aggregated,1834,0,4947.071450517402,30.6393748768203,0.0,10.0,500,60,0.0
/,742,320,8853.169339380032,6.207322907364969,2.6770125746048383,10.0,500,120,326.53061224489795
/cart,754,412,2962.9188505344764,6.30771087891265,3.4466536898037297,10.0,500,120,316.9230769230769
/cart,715,454,3494.889232419436,5.981449971382686,3.7980115902206144,10.0,500,120,409.009009009009
/cart/checkout,248,179,2205.390155769853,2.07468474531875,1.4974539089195815,10.0,500,120,617.2413793103449
/product/0PUK6V6EV0,324,176,2735.6885827099222,2.710475231787399,1.472356916032661,10.0,500,120,298.3050847457627
/product/1YMWWN1N4O,324,180,2563.312243021138,2.710475231787399,1.5058195732152215,10.0,500,120,352.94117647058823
/product/2ZYFJ3GM2N,335,181,2679.992432065687,2.8024975390394404,1.5141852375108618,10.0,500,120,329.0909090909091
/product/66VCHSJNUP,384,211,2577.6780209707795,3.2124150895258063,1.7651551663800653,10.0,500,120,376.7857142857143
/product/6E92ZMYYFZ,373,209,2585.531544136698,3.1203927822737647,1.748423837788785,10.0,500,120,444.6808510638298
/product/9SIQT8TOJO,335,199,2401.733972256918,2.8024975390394404,1.664767194832384,10.0,500,120,331.6666666666667
/product/L9ECAV7KIM,348,185,2744.6668872663845,2.9112511748827616,1.5476478946934222,10.0,500,120,342.5925925925926
/product/LS4PSXUNUM,334,182,2712.213853104957,2.7941318747438,1.522550901806502,10.0,500,120,343.3962264150944
/product/OLJCESPC7Z,332,153,2961.869959892261,2.77740054615252,1.2799466372329384,10.0,500,120,306.0
/setCurrency,484,345,6759.168778828446,4.048981519089819,2.8861541819958414,10.0,500,120,370.96774193548384
Aggregated,6032,3386,3869.058899416012,50.4616870313012,28.326139305037447,10.0,500,120,357.9281183932347
/,956,661,5269.907070461382,5.332535817320762,3.6870357481684346,10.0,500,180,806.0975609756097
/cart,1333,1031,2541.3064449436324,7.435429126034075,5.750883292528981,10.0,500,180,963.5514018691588
/cart,1313,1066,3277.800937259998,7.3238697993118835,5.946112114292816,10.0,500,180,1034.9514563106795
/cart/checkout,434,410,1559.0850881772697,2.420837389871559,2.2869661978049294,10.0,500,180,1078.9473684210525
/product/0PUK6V6EV0,651,507,2066.4266789341727,3.631256084807339,2.828028932407559,10.0,500,180,1370.2702702702704
/product/1YMWWN1N4O,665,504,2193.59217931867,3.709347613512873,2.8112950333992304,10.0,500,180,1072.340425531915
/product/2ZYFJ3GM2N,620,455,2492.5830711790186,3.4583391283879417,2.5379746829298604,10.0,500,180,827.2727272727274
/product/66VCHSJNUP,637,468,2527.577079551772,3.553164556101805,2.610488245299285,10.0,500,180,1017.391304347826
/product/6E92ZMYYFZ,619,472,2314.551894770599,3.452761162051832,2.6328001106437235,10.0,500,180,813.7931034482758
/product/9SIQT8TOJO,662,478,2683.4336824061324,3.692613714504545,2.666267908660381,10.0,500,180,1111.6279069767445
/product/L9ECAV7KIM,602,430,2661.1774829833907,3.357935734337969,2.398525524527121,10.0,500,180,934.782608695652
/product/LS4PSXUNUM,674,504,2372.171912044839,3.7595493105378592,2.8112950333992304,10.0,500,180,1260.0
/product/OLJCESPC7Z,638,465,2525.108959656444,3.5587425224379143,2.5937543462909565,10.0,500,180,861.1111111111111
/setCurrency,891,791,5671.305959746367,4.969968005473639,4.412171371862681,10.0,500,180,1014.102564102564
Aggregated,10695,8242,3033.1561889561176,59.656349964692,45.97359854221519,10.0,500,180,988.2494004796164
/,1283,782,5825.402214151221,5.371143047736723,3.2737598311224607,10.0,500,240,868.8888888888888
/cart,2351,2107,1047.7043342435672,9.842211461597064,8.820731411988522,10.0,500,240,1423.6486486486483
/cart,2184,2047,1672.524373969377,9.143083722725644,8.569547793232324,10.0,500,240,1411.7241379310344
/cart/checkout,714,678,934.752546887762,2.9890850631987687,2.838374891945049,10.0,500,240,1832.4324324324325
/product/0PUK6V6EV0,1118,1001,1190.8098438632005,4.680388096157175,4.190580039582587,10.0,500,240,1494.0298507462687
/product/1YMWWN1N4O,1100,985,1219.303247415585,4.605033010530316,4.1235977412476,10.0,500,240,1563.4920634920634
/product/2ZYFJ3GM2N,1066,926,1293.8256958781126,4.462695626568469,3.8766005161373385,10.0,500,240,1187.1794871794873
/product/66VCHSJNUP,1053,918,1291.9887843122276,4.408272509171293,3.843109366969845,10.0,500,240,1370.1492537313434
/product/6E92ZMYYFZ,1056,927,1253.1098210768212,4.420831690109103,3.880786909783275,10.0,500,240,1471.428571428571
/product/9SIQT8TOJO,1073,939,1255.7414668082308,4.492000382090026,3.931023633534515,10.0,500,240,1304.1666666666663
/product/L9ECAV7KIM,1055,935,1253.49353079254,4.416645296463166,3.914278058950768,10.0,500,240,1214.2857142857142
/product/LS4PSXUNUM,1037,916,1305.4694901591893,4.3412902108363065,3.834736579677972,10.0,500,240,1477.4193548387095
/product/OLJCESPC7Z,1054,929,1247.397456493469,4.41245890281723,3.889159697075149,10.0,500,240,1161.25
/setCurrency,1487,1394,2358.2989479403327,6.2251673515078,5.835832742435691,10.0,500,240,1380.19801980198
Aggregated,17631,15484,1692.3623956115612,73.81030637150909,64.8221192136831,10.0,500,240,1346.4347826086955
/,1441,1441,4323.860672602536,4.832233000027679,4.832233000027679,10.0,500,300,778.918918918919
/cart,2719,2548,1597.622910053459,9.117863655152853,8.544434201298076,10.0,500,300,728.0
/cart,2711,2591,2700.88368088955,9.09103654620058,8.688629911916527,10.0,500,300,890.3780068728522
/cart/checkout,933,933,794.7875815512009,3.1287115815585183,3.1287115815585183,10.0,500,300,880.188679245283
/product/0PUK6V6EV0,1318,1243,1496.9599268730033,4.419766199886524,4.168262053458991,10.0,500,300,941.6666666666666
/product/1YMWWN1N4O,1297,1207,1679.8583146101194,4.349345038886814,4.047540063173774,10.0,500,300,887.5
/product/2ZYFJ3GM2N,1308,1219,1628.6145161316554,4.386232313696186,4.08778072660218,10.0,500,300,829.251700680272
/product/66VCHSJNUP,1288,1206,1577.1551501698675,4.31916454131551,4.044186674554741,10.0,500,300,730.909090909091
/product/6E92ZMYYFZ,1301,1224,1600.9601816947172,4.362758593362949,4.104547669697348,10.0,500,300,800.0
/product/9SIQT8TOJO,1362,1263,1648.887038745083,4.567315299124011,4.235329825839666,10.0,500,300,865.0684931506848
/product/L9ECAV7KIM,1272,1198,1522.3827913466926,4.26551032341097,4.017359565602471,10.0,500,300,758.2278481012659
/product/LS4PSXUNUM,1343,1260,1524.4271542637748,4.503600915362369,4.2252696599825645,10.0,500,300,893.6170212765957
/product/OLJCESPC7Z,1378,1279,1730.0960767467136,4.620969517028551,4.288984043744207,10.0,500,300,999.21875
/setCurrency,1830,1828,2749.795128042976,6.13670117283182,6.129994395593752,10.0,500,300,866.3507109004738
Aggregated,21501,20440,1985.034781280969,72.10120869784534,68.5432633730505,10.0,500,300,834.6263781135157
/,617,417,14872.960193670542,0.6620118057541325,0.3681152360735438,2.0,50,360,58.19887522383966
/cart,859,747,2694.836927574558,0.7344667115870428,0.6143546589325904,2.0,50,360,70.08181906639284
/cart/checkout,254,219,2984.8709135658405,0.20673715295227288,0.17461046080058806,2.0,50,360,67.40692276137895
/product/0PUK6V6EV0,364,320,2820.6039901636054,0.31033421753958995,0.2673987785873532,2.0,50,360,68.8226896997593
/product/1YMWWN1N4O,379,312,3587.448846793063,0.3384758298826902,0.2563247957738253,2.0,50,360,67.4419751398349
/product/2ZYFJ3GM2N,403,336,2948.8048948917117,0.3511747041198182,0.2779834956437604,2.0,50,360,65.99980259128442
/product/66VCHSJNUP,411,346,2920.285542799554,0.36541331141168026,0.2817185961737272,2.0,50,360,67.53480098652582
/product/6E92ZMYYFZ,399,333,2876.760317705028,0.3378222705357495,0.26853156094038205,2.0,50,360,67.60342089672466
/product/9SIQT8TOJO,396,341,3207.3015072804087,0.3364232433297057,0.2839239591584617,2.0,50,360,68.60980677381096
/product/L9ECAV7KIM,418,364,2368.1652799431354,0.3537613367725589,0.2947486504982428,2.0,50,360,71.09059439183015
/product/LS4PSXUNUM,349,303,2890.6711479975224,0.3061160424504895,0.24877421888796708,2.0,50,360,66.0523774591436
/product/OLJCESPC7Z,366,309,2386.2749442093127,0.3263677817956069,0.2555269338689736,2.0,50,360,65.43847924650014
/setCurrency,577,516,7408.083353899013,0.5022266251035999,0.4343762941401966,2.0,50,360,69.65627567073724
Aggregated,6614,5582,4730.39959382741,5.826567884742919,4.610641216460504,2.0,50,360,67.12971069143232
/,709,480,14660.513877458456,0.6525555867103117,0.3628570544589216,2.0,50,420,57.36755876175073
/cart,1038,902,2789.9081832675593,0.7603779909749707,0.6360285005917723,2.0,50,420,72.55423825870679
/cart/checkout,311,268,3127.612041085253,0.21662364224011518,0.18296060215446822,2.0,50,420,70.6304256987568
/product/0PUK6V6EV0,391,344,2597.0426098667226,0.2857370935659833,0.24620472219405506,2.0,50,420,63.3677957980706
/product/1YMWWN1N4O,403,331,3265.0658820346507,0.3080589943550727,0.2332903913455837,2.0,50,420,61.38136080823847
/product/2ZYFJ3GM2N,505,422,3168.0572939370895,0.3772855860217381,0.2986523938880958,2.0,50,420,70.90708386978753
/product/66VCHSJNUP,459,386,2793.4596806451395,0.3495436789448298,0.26948376388728845,2.0,50,420,64.60181404568992
/product/6E92ZMYYFZ,476,398,2943.385227336024,0.3456461334092953,0.27475067167776734,2.0,50,420,69.16909593064047
/product/9SIQT8TOJO,501,431,3474.446250097151,0.36444483737469324,0.30757274704969223,2.0,50,420,74.32450155498161
/product/L9ECAV7KIM,473,412,2297.6079341787436,0.34322133723446324,0.2859668806518021,2.0,50,420,68.97251433568604
/product/LS4PSXUNUM,445,387,3156.846254142493,0.3343034307490104,0.2716815302798244,2.0,50,420,72.13452851721003
/product/OLJCESPC7Z,428,361,2387.185759659801,0.3264923528635479,0.25562446574808445,2.0,50,420,65.46345640937854
/setCurrency,728,651,8005.627917715313,0.5427368050378624,0.4694135879737674,2.0,50,420,75.27483135840129
Aggregated,8007,6757,4908.210300875788,6.0455823960335495,4.78395033303387,2.0,50,420,69.65304536649279
/,801,542,14487.409705393311,0.6448505297451764,0.3585726159654874,2.0,50,480,56.69019070727071
/cart,1167,1015,2745.1139149806763,0.7481694975444515,0.6258165404045222,2.0,50,480,71.38932034728488
/cart/checkout,333,287,2925.702247618563,0.20263903216375573,0.171149182800573,2.0,50,480,66.07072504600193
/product/0PUK6V6EV0,485,427,2821.181022221146,0.3103977049318991,0.26745348235574123,2.0,50,480,68.83676927221308
/product/1YMWWN1N4O,463,380,3284.307517889876,0.3098744428652919,0.23466521467870352,2.0,50,480,61.74309249624788
/product/2ZYFJ3GM2N,519,433,2845.363403241334,0.338855803236629,0.26823207821584244,2.0,50,480,63.68458735256187
/product/66VCHSJNUP,593,499,3160.0828952264787,0.395418988368213,0.30485173589647063,2.0,50,480,73.08037734743299
/product/6E92ZMYYFZ,533,445,2884.866740376565,0.3387742198851502,0.269288256004699,2.0,50,480,67.79392057111806
/product/9SIQT8TOJO,505,435,3062.462141269144,0.32123061826320676,0.2711021629704289,2.0,50,480,65.51143859959448
/product/L9ECAV7KIM,538,469,2285.352729790969,0.34139062992557806,0.28444156272510596,2.0,50,480,68.60462203876783
/product/LS4PSXUNUM,529,459,3280.9805737422926,0.3474489961567181,0.2823646612257371,2.0,50,480,74.97102098350801
/product/OLJCESPC7Z,558,471,2724.547304343787,0.37263286121898165,0.2917497920972506,2.0,50,480,74.71487418667293
/setCurrency,787,703,7570.524219616597,0.513239207423602,0.44390108724747074,2.0,50,480,71.18366476479515
Aggregated,8222,6939,4410.026421843629,5.4319551257172956,4.2983788542439845,2.0,50,480,62.58325369092202
/,916,620,14720.509785026912,0.6552260705003614,0.36434199137735745,2.0,50,540,57.6023267092911
/cart,1214,1056,2539.3423753729376,0.6920873114620739,0.5789058339568687,2.0,50,540,66.03803409309884
/cart/checkout,357,308,2791.7498116774527,0.1933612623574884,0.16331316669055088,2.0,50,540,63.04569590248222
/product/0PUK6V6EV0,572,503,2952.5870452127456,0.3248555251247728,0.2799110305154661,2.0,50,540,72.04307401281785
/product/1YMWWN1N4O,526,432,3313.6051541256816,0.3126386750988414,0.23675854365578758,2.0,50,540,62.29387120809974
/product/2ZYFJ3GM2N,608,507,2962.0867053745133,0.35275644181787796,0.27923557037847174,2.0,50,540,66.29707450352191
/product/66VCHSJNUP,601,506,2844.6598794656497,0.3559503244326553,0.2744230233960357,2.0,50,540,65.78587470932587
/product/6E92ZMYYFZ,554,462,2661.3925344687887,0.3125313093509263,0.24842802758281882,2.0,50,540,62.542311422950654
/product/9SIQT8TOJO,580,500,3130.5173177777438,0.3283691249344466,0.2771266964019409,2.0,50,540,66.96725823476555
/product/L9ECAV7KIM,618,538,2331.7812689048606,0.34832621934597596,0.2902201920143391,2.0,50,540,69.99837291853333
/product/LS4PSXUNUM,576,501,3178.906699358576,0.33663958586264947,0.27358007554698616,2.0,50,540,72.63861382464421
/product/OLJCESPC7Z,560,474,2432.6338468291847,0.3327082298027578,0.2604911347766404,2.0,50,540,66.70977285595728
/setCurrency,869,777,7430.108962054168,0.5037198381684604,0.4356677755652247,2.0,50,540,69.86337671971015
Aggregated,10369,8751,4943.629088263351,6.089208725060425,4.818472431585383,2.0,50,540,70.15567794608945
/,986,667,14264.2646793085,0.6349180993654915,0.35304963446844795,2.0,50,600,55.817009487068354
/cart,1414,1229,2660.207596411033,0.7250286299265603,0.6064600473075453,2.0,50,600,69.18125009460849
/cart/checkout,435,376,3062.1581291450325,0.21209019479935315,0.17913164671350085,2.0,50,600,69.15228915136629
/product/0PUK6V6EV0,647,569,3007.0574640274544,0.33084858010904794,0.285074932825393,2.0,50,600,73.37215131150067
/product/1YMWWN1N4O,630,517,3571.2563920345474,0.3369480716354539,0.2551678377693192,2.0,50,600,67.13756630282724
/product/2ZYFJ3GM2N,738,616,3238.7226014000466,0.3857011541330191,0.3053140042317721,2.0,50,600,72.48870642836609
/product/66VCHSJNUP,758,638,3227.458007038709,0.4038495895382744,0.31135138178335653,2.0,50,600,74.63850058606732
/product/6E92ZMYYFZ,646,540,2795.190252010352,0.32824337561317607,0.2609173926927906,2.0,50,600,65.68653701530009
/product/9SIQT8TOJO,639,551,3102.21147862161,0.32540004261011274,0.2746209432314736,2.0,50,600,66.36174666977408
/product/L9ECAV7KIM,642,559,2179.990939466045,0.32565147180778387,0.27132793177401965,2.0,50,600,65.4417379428714
/product/LS4PSXUNUM,545,473,2703.9074306739,0.28633815451603734,0.23270113567821377,2.0,50,600,61.78479151776855
/product/OLJCESPC7Z,712,601,2780.064725990572,0.3802259081970097,0.2976947049264026,2.0,50,600,76.23732056405638
/setCurrency,987,883,7597.94602168077,0.5150982522597672,0.4455089769255765,2.0,50,600,71.44150481771047
Aggregated,11266,9508,4834.104515661861,5.954304190115271,4.711720665981779,2.0,50,600,68.60140061147807
/,2876,4,4868.981468801137,3.126176662584934,0.004463588211217299,5.0,250,360,0.23248172183134655
/cart,4178,1,3317.246043580027,3.518894918549492,0.0011282126343871504,5.0,250,360,0.06603533267503976
/cart/checkout,1423,5,1823.61158298335,1.1651183307103243,0.004372970057646007,5.0,250,360,0.8864446858318953
/product/0PUK6V6EV0,1834,2,3999.199897348397,1.608818716519794,0.0021166602698853244,5.0,250,360,0.24225641849093751
/product/1YMWWN1N4O,2012,1,2879.0722811726746,1.6853935303278083,0.0010777378795959942,5.0,250,360,0.11880899703821846
/product/2ZYFJ3GM2N,1981,3,2876.5351643258573,1.6336114803485124,0.0030837350541358536,5.0,250,360,0.34632262261721425
/product/66VCHSJNUP,1975,1,2979.236248648633,1.6612972125043377,0.0010900375320095303,5.0,250,360,0.11256826959396866
/product/6E92ZMYYFZ,1711,2,3110.0267610333826,1.4540181031533517,0.0019379985719479356,5.0,250,360,0.22040434528391653
/product/9SIQT8TOJO,1982,2,3869.291012329916,1.66480049607183,0.0021791146161786027,5.0,250,360,0.2879154377669456
/product/L9ECAV7KIM,2113,0,4433.685325590285,1.8035226147947039,0.0,5.0,250,360,0.0
/product/LS4PSXUNUM,1985,2,3889.051211288485,1.6777939204252335,0.002177629852460756,5.0,250,360,0.2223285217304252
/product/OLJCESPC7Z,1895,2,2900.296166968663,1.6180990903132928,0.0020877107583195755,5.0,250,360,0.3179157972534842
/setCurrency,2608,1,4862.719155988397,2.228053034074926,0.0010514559859791863,5.0,250,360,0.09738972836865946
Aggregated,30409,28,3476.100124659534,26.321464305963183,0.025936954411924607,5.0,250,360,0.1745953473957503
/,3263,5,4734.2407955235285,3.0396651096039866,0.0043400660978826795,5.0,250,420,0.22604819072735444
/cart,5153,1,3506.4512665223283,3.7196015555694437,0.0011925623148784919,5.0,250,420,0.06980177920228198
/cart/checkout,1522,5,1672.6335566930022,1.068657402513338,0.004010928933049679,5.0,250,420,0.81305533563731
/product/0PUK6V6EV0,2179,2,4072.096366666579,1.638143883357556,0.002155242252377126,5.0,250,420,0.24667221115720714
/product/1YMWWN1N4O,2325,1,2852.137340466887,1.6696259599537824,0.0010676551852249188,5.0,250,420,0.11769748854589429
/product/2ZYFJ3GM2N,2452,4,3051.680133478075,1.733077962066077,0.003271495901848909,5.0,250,420,0.36740933339595166
/product/66VCHSJNUP,2462,1,3182.9391152797566,1.7748870644897015,0.0011645679658099965,5.0,250,420,0.12026503389669815
/product/6E92ZMYYFZ,2272,2,3539.7446018804612,1.6549223293382131,0.002205775226585297,5.0,250,420,0.25085799943101084
/product/9SIQT8TOJO,2460,2,4114.9682497762815,1.7705055426736316,0.002317475586515488,5.0,250,420,0.3061963758363081
/product/L9ECAV7KIM,2594,0,4664.738350084987,1.8975097438513717,0.0,5.0,250,420,0.0
/product/LS4PSXUNUM,2428,2,4078.1055581787127,1.7593547476320568,0.002283488676929471,5.0,250,420,0.23313634378964915
/product/OLJCESPC7Z,2243,2,2943.223325640213,1.6420485052686515,0.0021186108753501595,5.0,250,420,0.3226212552781922
/setCurrency,3137,1,5013.382481816059,2.2970855793373333,0.0010840336139949726,5.0,250,420,0.10040718833432603
Aggregated,40214,37,3940.171258572809,29.835468894056724,0.029399625627523643,5.0,250,420,0.19790441731210207
/,3708,6,4708.203985656092,3.022947923905643,0.004316197122753758,5.0,250,480,0.22480499799233106
/cart,5460,1,3250.9208782850615,3.4485379766578586,0.0011056551006737813,5.0,250,480,0.0647150192893455
/cart/checkout,1751,6,1682.830309504716,1.0751721799612932,0.004035380463818032,5.0,250,480,0.8180119050224957
/product/0PUK6V6EV0,2550,3,4170.197589634724,1.6776085482094623,0.0022071643784057626,5.0,250,480,0.2526148125614533
/product/1YMWWN1N4O,2627,1,2818.9423419019317,1.6501937851568964,0.00105522913131841,5.0,250,480,0.11632764989613971
/product/2ZYFJ3GM2N,3057,5,3329.3510195539484,1.8907698800643737,0.0035691677174151917,5.0,250,480,0.40083972933994805
/product/66VCHSJNUP,2789,1,3155.2990773561055,1.7594742827820056,0.0011544550790805158,5.0,250,480,0.11922067521517754
/product/6E92ZMYYFZ,2515,3,3428.34307659725,1.602839229440107,0.0021363558892288723,5.0,250,480,0.242963089795083
/product/9SIQT8TOJO,2680,3,3923.154517267526,1.6879757985896686,0.0022094495665646364,5.0,250,480,0.29192344196057063
/product/L9ECAV7KIM,2577,0,4055.277067547705,1.6495947194012701,0.0,5.0,250,480,0.0
/product/LS4PSXUNUM,2539,3,3731.011198172197,1.6096131331882915,0.0020891371503213834,5.0,250,480,0.2132937210601712
/product/OLJCESPC7Z,2742,3,3147.9229727064862,1.7562521222915224,0.002265959156629703,5.0,250,480,0.3450593952984229
/setCurrency,3876,1,5420.344678019741,2.483551901351586,0.001172030231430433,5.0,250,480,0.10855775933651536
Aggregated,44362,41,3803.2633325469774,28.79878497850198,0.02837808582469332,5.0,250,480,0.19102789303245318
/,4393,7,4957.673087852537,3.1831219747455957,0.004544895332176434,5.0,250,540,0.23671652544298488
/cart,6253,1,3309.339641949121,3.510507902284343,0.0011255236260665916,5.0,250,540,0.06587794252215383
/cart/checkout,2012,7,1718.9542569468474,1.0982520253270418,0.0041220046890655965,5.0,250,540,0.8355715002455978
/product/0PUK6V6EV0,2942,3,4276.49489107347,1.7203703736895013,0.0022634244505518432,5.0,250,540,0.2590539014299233
/product/1YMWWN1N4O,3154,1,3008.7257902924493,1.7612920018193825,0.001126271742019209,5.0,250,540,0.12415933279801804
/product/2ZYFJ3GM2N,3270,5,3165.1151157468807,1.7974987595607879,0.0033931017266362364,5.0,250,540,0.3810664237187382
/product/66VCHSJNUP,2974,1,2990.256282832055,1.667442261282838,0.0010940695220436898,5.0,250,540,0.11298465355125197
/product/6E92ZMYYFZ,2629,3,3185.6360321811358,1.489367396732592,0.0019851141342145705,5.0,250,540,0.22576269528704557
/product/9SIQT8TOJO,3063,3,3985.1762235495817,1.7146612474371599,0.002244379068183637,5.0,250,540,0.2965385010652872
/product/L9ECAV7KIM,3069,0,4292.839714272759,1.74622981511413,0.0,5.0,250,540,0.0
/product/LS4PSXUNUM,3217,3,4202.715472846752,1.8131132984703413,0.002353262576873516,5.0,250,540,0.24026001910682782
/product/OLJCESPC7Z,2914,3,2973.0638522507365,1.6586967805423543,0.002140090884581019,5.0,250,540,0.32589222288346403
/setCurrency,4154,1,5163.494441073005,2.365865493526185,0.0011164920211257658,5.0,250,540,0.10341360562225795
Aggregated,52041,48,3965.862041881218,30.030002714025663,0.029591317653524216,5.0,250,540,0.1991947976451599
/,4941,8,5018.437847281071,3.2221365764749885,0.004600600794516065,5.0,250,600,0.2396178911575871
/cart,7120,2,3391.604621453774,3.597773608400338,0.00115350237350511,5.0,250,600,0.06751556457904304
/cart/checkout,2229,8,1714.131971714304,1.0951710332052664,0.0041104409826666485,5.0,250,600,0.8332274215186133
/product/0PUK6V6EV0,3262,4,4266.350167253292,1.7162893019814707,0.0022580551430877757,5.0,250,600,0.2584393723935314
/product/1YMWWN1N4O,3503,2,3007.3950229581487,1.7605129777322595,0.0011257735890640077,5.0,250,600,0.12410441679840477
/product/2ZYFJ3GM2N,3678,6,3204.142825699938,1.8196629645466038,0.0034349406440802002,5.0,250,600,0.385765194320715
/product/66VCHSJNUP,3151,1,2851.8966271037903,1.5902894304226842,0.001043446743226422,5.0,250,600,0.10775683483294363
/product/6E92ZMYYFZ,3272,3,3568.631793884841,1.6684278401749362,0.0022237761446331768,5.0,250,600,0.2529052045292398
/product/9SIQT8TOJO,3300,3,3864.4813050251078,1.6627310722209256,0.0021764058761396523,5.0,250,600,0.28755754558985636
/product/L9ECAV7KIM,3365,0,4236.205152707611,1.7231921601925715,0.0,5.0,250,600,0.0
/product/LS4PSXUNUM,3707,4,4358.044726571613,1.8801246242166583,0.0024402374202208846,5.0,250,600,0.24913985161247823
/product/OLJCESPC7Z,3279,3,3011.522954993317,1.6801534303392875,0.0021677747754420417,5.0,250,600,0.33010791521492694
/setCurrency,4473,1,5003.736863063831,2.2926660458547206,0.0010819479612459311,5.0,250,600,0.10021400749042096
Aggregated,59500,55,4080.8763400483117,30.900905344937964,0.030449497942152005,5.0,250,600,0.2049716627019249
/,5733,3776,6345.600434776962,5.724757014825648,2.842337983846752,10.0,500,360,546.1586955050354
/cart,9088,7703,2920.854443907013,7.3932903445436775,5.611410420340026,10.0,500,360,751.9787778403548
/cart/checkout,2987,2756,1886.6022516032501,2.408188957057117,2.0363451813610007,10.0,500,360,920.6637598899755
/product/0PUK6V6EV0,4142,3449,2131.1626445793117,3.37405196851392,2.486293886735611,10.0,500,360,806.0859724693928
/product/1YMWWN1N4O,4503,3728,2328.4042435238116,3.6390767791900314,2.697978396310638,10.0,500,360,837.4352362105044
/product/2ZYFJ3GM2N,4407,3564,2369.377796793687,3.617113985460598,2.5672337366164175,10.0,500,360,677.8411359390343
/product/66VCHSJNUP,4160,3363,2281.6589027850164,3.44950873877034,2.4526396969078954,10.0,500,360,699.0618386982486
/product/6E92ZMYYFZ,3828,3132,2068.602227338616,3.1786383908853293,2.2794912495638306,10.0,500,360,650.6565186695371
/product/9SIQT8TOJO,3981,3246,2098.408832529989,3.2339541646523795,2.348625968088301,10.0,500,360,678.90032384099
/product/L9ECAV7KIM,4545,3714,2597.2507511014437,3.691930914714201,2.6758499844513666,10.0,500,360,732.139513391862
/product/LS4PSXUNUM,4053,3340,2151.2512319910925,3.271561629327845,2.410856437049617,10.0,500,360,773.1080126049401
/product/OLJCESPC7Z,4395,3568,2566.146323878988,3.512056680407888,2.5361509496626056,10.0,500,360,700.2450676939825
/setCurrency,5490,5004,5163.747453973413,4.376565006589571,3.686898603887485,10.0,500,360,695.0428275025032
Aggregated,67216,55401,3014.969755094952,55.66534105268383,40.32439049816009,10.0,500,360,684.9188231464223
/,6690,4405,6346.242994092363,5.725336707163054,2.8426258006999894,10.0,500,420,546.2139998629273
/cart,10271,8706,2829.593845604407,7.1622907814961545,5.43608478117647,10.0,500,420,728.4835867945534
/cart/checkout,3209,2961,1737.2908337290166,2.217597587105287,1.8751826543620054,10.0,500,420,847.7996406736564
/product/0PUK6V6EV0,5048,4204,2226.642980065701,3.5252162237253346,2.5976848099141354,10.0,500,420,842.2002311713338
/product/1YMWWN1N4O,4676,3871,2072.688141209567,3.2394165687325804,2.4016739545233,10.0,500,420,745.4642328334147
/product/2ZYFJ3GM2N,4904,3966,2259.944521014947,3.450052137903109,2.4486621867910556,10.0,500,420,646.5340239775012
/product/66VCHSJNUP,4657,3765,2189.2321494015305,3.309774051388566,2.3532867550076166,10.0,500,420,670.7438389804541
/product/6E92ZMYYFZ,4783,3913,2215.3962013672835,3.4042037292725267,2.4412505162148923,10.0,500,420,696.8289798807202
/product/9SIQT8TOJO,4921,4012,2223.1484755500364,3.4261961538149794,2.4882397365329023,10.0,500,420,719.2574662287376
/product/L9ECAV7KIM,5088,4157,2492.010356907434,3.5423341672161777,2.567424755563369,10.0,500,420,702.4732784464319
/product/LS4PSXUNUM,4439,3658,2019.5091250604264,3.0712119836928915,2.2632161699338558,10.0,500,420,725.7630642553759
/product/OLJCESPC7Z,5140,4172,2572.353537353994,3.520551942485796,2.5422856077695517,10.0,500,420,701.9388801549283
/setCurrency,6992,6373,5637.283126556916,4.777912995133452,4.025001507970375,10.0,500,420,758.7809509737584
Aggregated,80652,66475,3100.816917529673,57.250335916150846,41.47257266328024,10.0,500,420,704.4209549226653
/,7907,5207,6563.21923895667,5.921084342490037,2.93981436917498,10.0,500,480,564.8889013271315
/cart,11447,9703,2759.2587088962073,6.984257915739477,5.300960170683214,10.0,500,480,710.3756902331902
/cart/checkout,3800,3507,1800.5349526231075,2.298326733161446,1.94344656990115,10.0,500,480,878.6628330834401
/product/0PUK6V6EV0,5568,4636,2148.6845992313188,3.4017926882267906,2.5067356530389726,10.0,500,480,812.7134356013846
/product/1YMWWN1N4O,5578,4618,2163.284435977796,3.3810100542661607,2.5066500757231807,10.0,500,480,778.0481493590986
/product/2ZYFJ3GM2N,5317,4301,2144.2877534121253,3.2734894503589573,2.323347449707013,10.0,500,480,613.446470427779
/product/66VCHSJNUP,6023,4870,2477.637463292438,3.745797441808649,2.663304313190664,10.0,500,480,759.1063671273356
/product/6E92ZMYYFZ,5500,4499,2228.7272814811754,3.4246884229859735,2.455940667886027,10.0,500,480,701.0221273415393
/product/9SIQT8TOJO,5799,4728,2292.5980831781767,3.533228131731174,2.565970610240832,10.0,500,480,741.7265677586465
/product/L9ECAV7KIM,5031,4111,2156.2750163158844,3.065094269387141,2.2215292329532836,10.0,500,480,607.8327787623307
/product/LS4PSXUNUM,5328,4391,2121.0385181672686,3.2256149942747183,2.3769977623770697,10.0,500,480,762.2502890660119
/product/OLJCESPC7Z,5735,4656,2511.497251464395,3.4372633461128888,2.4821406636501755,10.0,500,480,685.3325340413713
/setCurrency,7986,7280,5634.003052218896,4.775132948530719,4.022659545741338,10.0,500,480,758.3394514305224
Aggregated,97331,80223,3274.3061104614985,60.453464265012435,43.792942859754476,10.0,500,480,743.8329635010884
/,9303,6127,6864.107702178279,6.192534358641041,3.0745891185003553,10.0,500,540,590.7860330886912
/cart,13181,11172,2824.2053396451875,7.148651351718023,5.425732632834158,10.0,500,540,727.0963070778076
/cart/checkout,4211,3886,1773.438583181233,2.2637390623310902,1.914199514090394,10.0,500,540,865.4397780656037
/product/0PUK6V6EV0,6786,5651,2327.877657175292,3.685490739822116,2.715788962810882,10.0,500,540,880.4909985855768
/product/1YMWWN1N4O,5645,4673,1945.888188615441,3.0412401720131923,2.254747778064171,10.0,500,540,699.8592874947824
/product/2ZYFJ3GM2N,5700,4610,2043.1031127669355,3.119020045232093,2.213713340936659,10.0,500,540,584.4991612028288
/product/66VCHSJNUP,5998,4849,2192.9351011845474,3.315372331008351,2.357267195084649,10.0,500,540,671.8783610069004
/product/6E92ZMYYFZ,5953,4870,2144.3671934278445,3.2950597244373037,2.362980271736108,10.0,500,540,674.4875715521189
/product/9SIQT8TOJO,6426,5239,2257.8722537341023,3.479710562127603,2.5271040254593404,10.0,500,540,730.4916851705834
/product/L9ECAV7KIM,6251,5107,2381.0725699567893,3.3846387097870596,2.4531297167185206,10.0,500,540,671.2010043618559
/product/LS4PSXUNUM,6221,5127,2201.331436433688,3.347722178503521,2.466980139132263,10.0,500,540,791.1056349893928
/product/OLJCESPC7Z,6159,5000,2397.5858671196934,3.2813629461085796,2.3695607757089054,10.0,500,540,654.2486148200398
/setCurrency,9451,8615,5926.384129932936,5.022942277843979,4.231418668226603,10.0,500,540,797.6940815269696
Aggregated,98909,81523,2957.689791926162,54.60778195780812,39.55828675909762,10.0,500,540,671.9063791916727
/,9478,6242,6293.677644561503,5.677914267544205,2.8190805915205845,10.0,500,600,541.6897593243643
/cart,14746,12499,2843.5550619238265,7.197629524933976,5.462906424034723,10.0,500,600,732.0779248852249
/cart/checkout,4958,4575,1878.961448951268,2.398435710683156,2.028097914800775,10.0,500,600,916.9350406582597
/product/0PUK6V6EV0,7061,5880,2179.8821823437593,3.45118463256344,2.543131917946618,10.0,500,600,824.5135364457999
/product/1YMWWN1N4O,6711,5556,2082.0985121898775,3.254124093258555,2.4125779793191495,10.0,500,600,748.8487723808937
/product/2ZYFJ3GM2N,6664,5390,2149.794871340788,3.2818966673533527,2.32931444195161,10.0,500,600,615.0219688888377
/product/66VCHSJNUP,6940,5611,2283.701694432744,3.452597117857907,2.454835569341594,10.0,500,600,699.6877156352415
/product/6E92ZMYYFZ,7506,6140,2433.291929348778,3.7390248548704497,2.681360189639242,10.0,500,600,765.3657308943775
/product/9SIQT8TOJO,7288,5942,2304.6589862867413,3.551815743083527,2.5794696719109167,10.0,500,600,745.6286438933278
/product/L9ECAV7KIM,6791,5549,2328.1278845522556,3.309379083533445,2.398582794148021,10.0,500,600,656.2764168177686
/product/LS4PSXUNUM,6823,5622,2172.7367005786446,3.304236118282865,2.4349346941481085,10.0,500,600,780.8293738632598
/product/OLJCESPC7Z,6785,5508,2377.153712732755,3.2533992701318724,2.349367450305015,10.0,500,600,648.6731278734545
/setCurrency,9591,8742,5412.650666192451,4.587524411234225,3.864614674205243,10.0,500,600,728.545316525675
Aggregated,114760,94588,3088.5058541110234,57.02303693818854,41.30791557910806,10.0,500,600,701.6242173918382
/product/L9ECAV7KIM,77,77,498.76610980246625,0.4632859064378692,0.4632859064378692,2.0,50,173,99.37635136236759
Aggregated,1268,922,5515.687609228408,5.120598730269577,3.7224526421785793,2.0,50,258,74.59089848587939
/product/66VCHSJNUP,29,0,6389.47594316978,0.26769735021557367,0.0,2.0,50,116,0.0
/cart/checkout,37,28,2264.029564725614,0.2258309805635096,0.1723446956932046,2.0,50,173,78.59872517376557
/cart,58,44,3202.02976690076,0.6952823560625676,0.5214617670469256,2.0,50,88,81.19237664221791
/,169,59,26658.372214444786,0.43930697094932986,0.15536466045768973,2.0,50,401,32.83519237185433
/cart,102,76,3887.6349480270615,0.6160651345377004,0.45886230710394244,2.0,50,173,72.92373088575651
/cart,205,154,3132.307921810132,0.6801430937031918,0.5101073202773938,2.0,50,315,79.42447230687883
/product/OLJCESPC7Z,103,76,3179.380668313114,0.3417090119148235,0.2520103962871823,2.0,50,315,72.59103153162734
/cart/checkout,176,168,839.7536139286603,0.30607004248119657,0.2916327763264231,2.0,50,600,79.4563988204675
/product/L9ECAV7KIM,114,114,495.8667043549156,0.4605927529647285,0.4605927529647285,2.0,50,258,98.79866108062036
/cart/checkout,80,61,2088.195314192074,0.20829197761349663,0.15895966712608947,2.0,50,401,72.49441092401077
/product/2ZYFJ3GM2N,85,79,781.9183963363342,0.5114287924589167,0.47663771814198347,2.0,50,173,93.64174167304
/setCurrency,132,106,6708.767327433148,0.47777405707873777,0.3858944307174421,2.0,50,287,85.73834286691584
Aggregated,1624,1624,1115.9112301590633,8.33371490518475,8.33371490518475,2.0,50,202,102.04112106663312
/product/OLJCESPC7Z,41,31,2588.934472966764,0.29850431875740424,0.2266421679454365,2.0,50,145,72.73578547106698
/product/2ZYFJ3GM2N,223,207,825.9799522070963,0.5402481020165755,0.5034965304508219,2.0,50,429,98.91850821529611
/product/LS4PSXUNUM,73,0,7016.168471674859,0.1574600870734815,0.0,2.0,50,486,0.0
/product/OLJCESPC7Z,114,84,3216.263763270286,0.34567308141420267,0.25493389754297446,2.0,50,344,73.4331395357754
/,302,0,16689.660044269043,0.847716734187492,0.0,2.0,50,372,0.0
/product/6E92ZMYYFZ,285,265,731.1144862485463,0.520095603168445,0.48270310882300127,2.0,50,571,91.11441177521083
/cart,517,0,1616.5351137848656,4.471230707192358,0.0,5.0,250,116,0.0
/product/1YMWWN1N4O,863,0,1468.040480288808,2.3275267283610153,0.0,5.0,250,372,0.0
/setCurrency,271,0,2610.071738194201,3.0914288239177234,0.0,5.0,250,88,0.0
/product/6E92ZMYYFZ,1135,0,860.1187379089446,1.9916123325249842,0.0,5.0,250,571,0.0
/product/6E92ZMYYFZ,881,0,1611.595581340507,1.935587172559397,0.0,5.0,250,457,0.0
/product/9SIQT8TOJO,1065,0,871.1796884938457,2.335039780352031,0.0,5.0,250,457,0.0
/product/L9ECAV7KIM,129,0,1620.7549607803091,2.164648361692533,0.0,5.0,250,60,0.0
/setCurrency,272,1,11290.551924894535,0.9528183464566796,0.004911434775549824,5.0,250,287,0.45491518909917905
/product/LS4PSXUNUM,980,0,1648.179132103633,2.151991950452245,0.0,5.0,250,457,0.0
/product/9SIQT8TOJO,1247,0,815.9372592295764,2.186972428003213,0.0,5.0,250,571,0.0
/product/2ZYFJ3GM2N,1145,0,887.7399543335245,2.232320730254204,0.0,5.0,250,514,0.0
/product/66VCHSJNUP,467,0,1606.3482424980414,2.3198094065596027,0.0,5.0,250,202,0.0
/product/66VCHSJNUP,1230,0,1496.690929978079,2.161447689995416,0.0,5.0,250,571,0.0
/product/OLJCESPC7Z,1073,0,797.1514632826282,2.505945965570959,0.0,5.0,250,429,0.0
/product/0PUK6V6EV0,873,0,1715.7569264576964,1.9175423994495742,0.0,5.0,250,457,0.0
/setCurrency,785,0,2576.8664889845286,3.0520997652523962,0.0,5.0,250,258,0.0
/product/OLJCESPC7Z,698,0,1543.6423140422276,2.2236031077235965,0.0,5.0,250,315,0.0
/product/6E92ZMYYFZ,75,0,10780.271744079648,0.8540551469580053,0.010810824645037985,5.0,250,88,1.2294914776298602
/product/6E92ZMYYFZ,264,0,2522.0308492340164,1.0254076789645152,0.0,5.0,250,258,0.0
Aggregated,15599,0,1769.5079026676108,34.23939722169481,0.0,5.0,250,457,0.0
Aggregated,3610,34,9759.291272423834,14.018184893590771,0.13315145225675126,5.0,250,258,0.9090417072009592
/product/2ZYFJ3GM2N,1204,883,2533.8968421912405,3.5156599986469397,2.580040805458641,10.0,500,344,840.9845094052424
/product/6E92ZMYYFZ,481,367,2234.4887506480113,3.333325985349679,2.5417283765509673,10.0,500,145,785.6430176046379
/product/66VCHSJNUP,2444,2288,1572.4749615746337,4.306347473429053,4.032185600120682,10.0,500,571,728.7401271320922
/,696,696,4324.8857761572735,4.83337862880731,4.83337862880731,10.0,500,145,779.1035854965669
/cart,1107,856,2621.7373163924417,7.670756134861632,5.93289540513304,10.0,500,145,994.0472435226737
/cart,1070,869,3317.6569517303524,7.412923486917566,6.0184131279924795,10.0,500,145,1047.5358203426558
/product/1YMWWN1N4O,406,377,1793.2160493566207,4.642841161119939,4.320670224727654,10.0,500,88,947.3889732024033
/product/9SIQT8TOJO,408,0,3046.8390479058835,1.5865885095691472,0.0,10.0,500,258,0.0
/product/0PUK6V6EV0,91,0,2970.6643440297507,1.535603144959656,0.0,10.0,500,60,0.0
/product/1YMWWN1N4O,903,0,3204.243915493311,1.5091151904821152,0.0,10.0,500,600,0.0
/cart,4563,3704,3417.3964065024406,7.635779845368595,6.1993460130715325,10.0,500,600,1079.0281214139634
/cart,516,0,4928.981940023214,2.9944689394888484,0.0,10.0,500,173,0.0
/cart/checkout,672,635,1515.763472466916,2.3535706397136957,2.223419267932293,10.0,500,287,1048.967129612483
/product/LS4PSXUNUM,1894,1673,1252.3083757230788,4.164504902992388,3.678579065709767,10.0,500,457,1417.256126218845
/product/2ZYFJ3GM2N,1557,1142,2465.856359916325,3.4212571019545437,2.5107612603053506,10.0,500,457,818.4022990117904
Aggregated,13570,0,5119.7740551488805,31.708997561358995,0.0,10.0,500,429,0.0
/product/66VCHSJNUP,522,455,1325.868334254226,4.523869711287805,3.9438864149688553,10.0,500,116,1406.0783892110248
/cart,4002,3249,3312.384704322048,7.401143255504106,6.008848979716205,10.0,500,543,1045.8711310470892
/product/6E92ZMYYFZ,2343,2057,1229.3015493053601,4.336838762622859,3.807054481961544,10.0,500,543,1443.4723853612077
/cart/checkout,400,377,1495.4289699607832,2.3219966580596,2.1935913129134472,10.0,500,173,1034.8948649660465
/product/OLJCESPC7Z,2674,2482,1764.463716927849,4.712763157730785,4.3741829308691385,10.0,500,571,1019.0678155656641
/,521,521,3419.8038668587224,0.8183326203965327,0.8183326203965327,2.0,50,660,96.72338926620718
/cart,206,0,4314.057236790516,0.32583641698326593,0.0,2.0,50,660,0.0
/cart/checkout,154,154,409.0704698115668,0.24237184346821453,0.24237184346821453,2.0,50,660,96.80814237627973
/product/0PUK6V6EV0,34,0,5184.644807259255,0.054868787748295574,0.0,2.0,50,660,0.0
/product/1YMWWN1N4O,176,108,5320.01100863797,0.27787413735025107,0.17145425496079317,2.0,50,660,63.219577144961946
/product/2ZYFJ3GM2N,309,309,766.0001752581313,0.4858552571408904,0.4858552571408904,2.0,50,660,102.32268678204855
/product/66VCHSJNUP,348,322,712.1961822555004,0.5481927393449935,0.5083241764835394,2.0,50,660,88.97238495340218
/product/6E92ZMYYFZ,259,259,512.0128041454211,0.4069700739004744,0.4069700739004744,2.0,50,660,100.29801444185024
/product/9SIQT8TOJO,155,108,3897.0378726864387,0.24510540221543345,0.1710037689875117,2.0,50,660,68.9189106255419
/product/L9ECAV7KIM,304,304,513.7541249912285,0.47720773485796847,0.47720773485796847,2.0,50,660,102.36262936792984
/product/LS4PSXUNUM,101,0,7115.123970531692,0.15968089199418736,0.0,2.0,50,660,0.0
/product/OLJCESPC7Z,291,280,543.1293401503528,0.4591110015587577,0.4411769780603687,2.0,50,660,99.54083571293427
/setCurrency,267,215,5905.299594253045,0.4205540016084,0.33967823206832315,2.0,50,660,75.46998973619895
Aggregated,5007,4717,1092.7303199656524,7.8820471544569655,7.425023595480694,2.0,50,660,87.56034491951965
/,280,190,17998.915261266713,0.40627209516380897,0.2753621978332482,2.0,50,720,70.50441403308159
/cart,430,323,2871.1773407194305,0.6234417202376786,0.4675812901782589,2.0,50,720,72.80310584992716
/cart/checkout,245,233,970.2430300910434,0.353630303593166,0.3369496288953751,2.0,50,720,91.80313829318273
/product/0PUK6V6EV0,340,340,841.7628507832918,0.48962804060221354,0.48962804060221354,2.0,50,720,96.12624735957607
/product/1YMWWN1N4O,324,303,781.4913980957203,0.4683725505083493,0.43737730819529685,2.0,50,720,92.87861909437983
/product/2ZYFJ3GM2N,330,330,748.9467169754835,0.47503866384668486,0.47503866384668486,2.0,50,720,100.04467728966418
/product/66VCHSJNUP,212,152,4828.050532013789,0.3072851494923061,0.2201445847109058,2.0,50,720,75.71600681963868
/product/6E92ZMYYFZ,274,274,496.5967428238895,0.3947167170225162,0.3947167170225162,2.0,50,720,97.27816742133652
/product/9SIQT8TOJO,214,158,3375.1307326739807,0.31092444569569844,0.22887493919266685,2.0,50,720,73.25212756875989
/product/L9ECAV7KIM,78,0,4736.743460279021,0.11347856535722195,0.0,2.0,50,720,0.0
/product/LS4PSXUNUM,316,316,487.5713886314994,0.45524234521879875,0.45524234521879875,2.0,50,720,99.49345235360845
/product/OLJCESPC7Z,242,179,3269.584713477108,0.3514038356428871,0.2591603287866292,2.0,50,720,74.6505536115216
/setCurrency,331,256,9660.118504126745,0.47986724151757726,0.3705905429541686,2.0,50,720,84.55269529578734
Aggregated,3575,2599,5570.589717873252,5.1715681991252,3.7595052299727536,2.0,50,720,75.33336214639137
/,300,203,17799.73913332764,0.4017762851869399,0.2723150377378148,2.0,50,780,69.72421167166804
/cart,450,324,3285.7983164945686,0.5996991797598644,0.43155922281784637,2.0,50,780,69.89688182055536
/cart/checkout,184,184,412.50186556574016,0.24440492523769816,0.24440492523769816,2.0,50,780,97.62019573440259
/product/0PUK6V6EV0,37,0,4760.798491875957,0.05038324739187586,0.0,2.0,50,780,0.0
/product/1YMWWN1N4O,340,340,612.7149354827593,0.45180023085560334,0.45180023085560334,2.0,50,780,102.61337945995538
/product/2ZYFJ3GM2N,242,185,3210.118314628926,0.3232099574410998,0.24681487659138535,2.0,50,780,77.7695920151665
/product/66VCHSJNUP,175,0,5605.016467546369,0.23483116136946514,0.0,2.0,50,780,0.0
/product/6E92ZMYYFZ,377,350,706.1852477258502,0.5023615990010266,0.46624409841925346,2.0,50,780,88.0076303521613
/product/9SIQT8TOJO,216,159,3131.461594662829,0.2884771102678224,0.2123512061693692,2.0,50,780,67.96365604101513
/product/L9ECAV7KIM,392,372,571.8849794622683,0.5228810408337565,0.4964060514244524,2.0,50,780,90.73574112201092
/product/LS4PSXUNUM,362,352,406.7655176899025,0.4828925088050304,0.4691934305410579,2.0,50,780,96.10173329919547
/product/OLJCESPC7Z,340,327,537.0678879341434,0.4539872139226229,0.4362533383787704,2.0,50,780,98.42993638448246
/setCurrency,101,0,19569.784360275087,0.13524677030645893,0.0,2.0,50,780,0.0
Aggregated,2216,0,10673.972236718208,2.958659356459676,0.0,2.0,50,780,0.0
/,671,0,16376.044569762953,0.8317872853470853,0.0,2.0,50,840,0.0
/cart,515,386,2941.917992054814,0.6388022041526898,0.47910165311451725,2.0,50,840,74.59684358044723
/cart/checkout,306,291,1038.4862307331932,0.37850331273912025,0.36064938289293524,2.0,50,840,98.26022151029467
/product/0PUK6V6EV0,256,184,3825.020483589585,0.3185912508805645,0.22824447824279237,2.0,50,840,78.501865007811
/product/1YMWWN1N4O,345,322,712.2191568085543,0.4268555019392163,0.39860771136970935,2.0,50,840,84.64575801874632
/product/2ZYFJ3GM2N,365,365,710.5668079755224,0.4506952222150479,0.4506952222150479,2.0,50,840,94.9178698369072
/product/66VCHSJNUP,396,396,1805.1960160527037,0.4889651136578447,0.4889651136578447,2.0,50,840,101.13874631474467
/product/6E92ZMYYFZ,427,396,743.2980849109892,0.5287626945943306,0.49074707602872514,2.0,50,840,92.63278057560188
/product/9SIQT8TOJO,238,175,3211.7001744954773,0.2958688642275603,0.21779235838973185,2.0,50,840,69.70511352855388
/product/L9ECAV7KIM,107,0,5571.115624244216,0.13346769015039656,0.0,2.0,50,840,0.0
/product/LS4PSXUNUM,189,147,3144.41025102341,0.2347416063223159,0.18192474489979485,2.0,50,840,78.81937022032567
/product/OLJCESPC7Z,369,355,540.9546986261249,0.4572727619822636,0.4394105447173314,2.0,50,840,99.142283068664
/setCurrency,343,265,8570.348944547175,0.425732842211619,0.3287837791337256,2.0,50,840,75.01420428510329
Aggregated,6835,6835,1128.8250075677993,8.430156034519099,8.430156034519099,2.0,50,840,103.22198231112884
/,529,446,5536.883569379368,0.6107271521507801,0.5149915445163334,2.0,50,900,80.39458188005763
/cart,1037,975,628.2716019885096,1.1977742966850495,1.1259078388839465,2.0,50,900,92.9037424715644
/cart/checkout,142,92,3038.2232731113877,0.16449885680542434,0.10670196117108596,2.0,50,900,66.45461943587918
/product/0PUK6V6EV0,371,365,238.65319979265587,0.4284571217051567,0.42196534713386646,2.0,50,900,92.32116294838006
/product/1YMWWN1N4O,218,134,4820.197497358441,0.25176794169439726,0.15534617679015997,2.0,50,900,57.280115970327984
/product/2ZYFJ3GM2N,401,401,728.4268437637123,0.46202340797883357,0.46202340797883357,2.0,50,900,97.30362235616126
/product/66VCHSJNUP,252,197,2113.4916575872066,0.29180182223418705,0.22836664348762456,2.0,50,900,86.0351686194227
/product/6E92ZMYYFZ,97,0,5285.641391126462,0.11255839509902386,0.0,2.0,50,900,0.0
/product/9SIQT8TOJO,208,145,3828.5193004168796,0.24079590542222412,0.16799714331783078,2.0,50,900,67.70716326441601
/product/L9ECAV7KIM,120,0,5803.018608425363,0.13902340963734233,0.0,2.0,50,900,0.0
/product/LS4PSXUNUM,186,144,2888.9323682449444,0.2156692576796022,0.16714367470169172,2.0,50,900,72.41543300530513
/product/OLJCESPC7Z,299,221,3228.7983604969836,0.34702025725752744,0.2559274397274265,2.0,50,900,73.71932714193022
/setCurrency,408,329,6618.587629790324,0.4713517863535685,0.3807072120548054,2.0,50,900,84.58584234651197
Aggregated,4390,3191,5472.804628396096,5.080787458718825,3.6935115786860324,2.0,50,900,74.01097440448596
/,3290,0,6623.697588758615,4.991025852649379,0.0,5.0,250,660,0.0
/cart,1131,0,2786.6559350849434,1.7157667941822066,0.0,5.0,250,660,0.0
/cart/checkout,1046,2,1490.3348016079149,1.5910483274917921,0.0034363894762241233,5.0,250,660,0.22196794528689953
/product/0PUK6V6EV0,1729,0,949.4918426760206,2.624094297675974,0.0,5.0,250,660,0.0
/product/1YMWWN1N4O,1317,0,1505.9869554066643,2.002366365233354,0.0,5.0,250,660,0.0
/product/2ZYFJ3GM2N,587,11,9208.101430942474,0.8923621390957761,0.01673179010804576,5.0,250,660,1.8790840748551192
/product/66VCHSJNUP,582,0,2687.1030549617917,0.8835668122248378,0.0,5.0,250,660,0.0
/product/6E92ZMYYFZ,1457,0,1438.361577641041,2.2155769007088586,0.0,5.0,250,660,0.0
/product/9SIQT8TOJO,1560,0,1836.0655382772904,2.37129722253848,0.0,5.0,250,660,0.0
/product/L9ECAV7KIM,1445,0,1496.732154456672,2.1974351884515806,0.0,5.0,250,660,0.0
/product/LS4PSXUNUM,1342,0,1391.869243386293,2.040737137748301,0.0,5.0,250,660,0.0
/product/OLJCESPC7Z,406,6,7919.714860809346,0.6167358946057813,0.010453150756030136,5.0,250,660,1.5918018064384956
/setCurrency,862,0,5842.799124600622,1.3080175015735533,0.0,5.0,250,660,0.0
Aggregated,26658,0,1027.417838856688,40.44771407898799,0.0,5.0,250,660,0.0
/,1795,0,2055.825785003419,2.5013519156190633,0.0,5.0,250,720,0.0
/cart,3214,0,2225.9436047651275,4.47905243969232,0.0,5.0,250,720,0.0
/cart/checkout,415,0,1564.3108269262434,0.5778035632394666,0.0,5.0,250,720,0.0
/product/0PUK6V6EV0,1782,0,897.027124466999,2.479098457065634,0.0,5.0,250,720,0.0
/product/1YMWWN1N4O,1695,0,1489.8727957092638,2.3621410992625056,0.0,5.0,250,720,0.0
/product/2ZYFJ3GM2N,634,11,9107.69841193681,0.8826320276842647,0.016549350519079922,5.0,250,720,1.8585949745236507
/product/66VCHSJNUP,1598,0,1765.4665146287837,2.2266011336644747,0.0,5.0,250,720,0.0
/product/6E92ZMYYFZ,1519,0,912.845545317701,2.1137017084002787,0.0,5.0,250,720,0.0
/product/9SIQT8TOJO,1573,0,1697.176264259637,2.191920319670698,0.0,5.0,250,720,0.0
/product/L9ECAV7KIM,1549,0,1470.6496272690706,2.1591419889134262,0.0,5.0,250,720,0.0
/product/LS4PSXUNUM,672,0,3865.500427623525,0.9344299066036145,0.0,5.0,250,720,0.0
/product/OLJCESPC7Z,1602,0,1665.7990669700716,2.232885711221265,0.0,5.0,250,720,0.0
/setCurrency,1912,0,2249.818155825649,2.664736219206298,0.0,5.0,250,720,0.0
Aggregated,25307,2,1756.912279107547,35.25905684513191,0.003246690317231252,5.0,250,720,0.008940872733687572
/,1421,16,10744.235435457595,1.8252391625451398,0.02116219318892914,5.0,250,780,1.10221258715712
/cart,1435,0,12255.806340559482,1.8440160357865234,0.0,5.0,250,780,0.0
/cart/checkout,325,12,2977.6737780683065,0.41784557075792056,0.016070983490689212,5.0,250,780,3.702300271869075
/product/0PUK6V6EV0,1980,0,919.9716604391691,2.54250987704972,0.0,5.0,250,780,0.0
/product/1YMWWN1N4O,737,0,3380.390284748521,0.9462068207772767,0.0,5.0,250,780,0.0
/product/2ZYFJ3GM2N,717,13,9507.153598059067,0.9213434479519793,0.01727518964909957,5.0,250,780,1.9401112224157848
/product/66VCHSJNUP,643,0,2512.1212581153527,0.8260297154798897,0.0,5.0,250,780,0.0
/product/6E92ZMYYFZ,731,9,11858.673589611582,0.9394903445606416,0.011892282842539703,5.0,250,780,1.352483356686154
/product/9SIQT8TOJO,1724,0,1419.2849666467298,2.2173520365101043,0.0,5.0,250,780,0.0
/product/L9ECAV7KIM,1678,0,1470.0494755710024,2.1582608730398767,0.0,5.0,250,780,0.0
/product/LS4PSXUNUM,1667,0,1642.041299781887,2.1439779151496836,0.0,5.0,250,780,0.0
/product/OLJCESPC7Z,2193,0,895.6702266988924,2.815652099333013,0.0,5.0,250,780,0.0
/setCurrency,2408,0,2614.77283273985,3.0969969081085575,0.0,5.0,250,780,0.0
Aggregated,29218,2,1872.4142960365268,37.57703949517917,0.00346013255020061,5.0,250,780,0.00952865895735197
/,2137,0,3286.3480111012655,2.5521749525801756,0.0,5.0,250,840,0.0
/cart,3661,0,1634.91091905528,4.371888854321475,0.0,5.0,250,840,0.0
/cart/checkout,348,13,2962.5762703131245,0.4157269952472484,0.01598949981720182,5.0,250,840,3.6835287370292793
/product/0PUK6V6EV0,714,9,12817.00205254076,0.8518454252685991,0.010851534079854707,5.0,250,840,1.2419819177975016
/product/1YMWWN1N4O,2046,0,1541.7819248685084,2.444441204188984,0.0,5.0,250,840,0.0
/product/2ZYFJ3GM2N,1897,0,899.4150434163628,2.261679038686712,0.0,5.0,250,840,0.0
/product/66VCHSJNUP,639,0,2317.184119021825,0.7619309507320868,0.0,5.0,250,840,0.0
/product/6E92ZMYYFZ,1777,0,914.9086599265554,2.1184788680147713,0.0,5.0,250,840,0.0
/product/9SIQT8TOJO,601,8,12001.522777922235,0.7168507035197517,0.010541922110584526,5.0,250,840,1.3928510675113661
/product/L9ECAV7KIM,910,0,3262.9423402987672,1.0852448748720371,0.0,5.0,250,840,0.0
/product/LS4PSXUNUM,1854,0,1696.2167819657427,2.214713673964155,0.0,5.0,250,840,0.0
/product/OLJCESPC7Z,1766,0,1464.7480087679835,2.109956558394356,0.0,5.0,250,840,0.0
/setCurrency,2538,0,2559.5571385548246,3.0315981736453006,0.0,5.0,250,840,0.0
Aggregated,31862,2,1895.9649321900365,38.04967164007909,0.003503653005532094,5.0,250,840,0.009648507422838742
/,2130,0,1951.6928474644865,2.3746519176464163,0.0,5.0,250,900,0.0
/cart,4605,0,1919.4453724833618,5.132757835691721,0.0,5.0,250,900,0.0
/cart/checkout,411,15,3266.175830167611,0.4583299601198972,0.017628075389226772,5.0,250,900,4.061010226528702
/product/0PUK6V6EV0,802,10,13436.642129245394,0.8930280327527956,0.011376153283475044,5.0,250,900,1.3020257383145826
/product/1YMWWN1N4O,2233,0,1570.2884439764475,2.4896372911137865,0.0,5.0,250,900,0.0
/product/2ZYFJ3GM2N,1945,0,860.691059140917,2.164303278550948,0.0,5.0,250,900,0.0
/product/66VCHSJNUP,703,0,2378.9619107445674,0.7822445767383398,0.0,5.0,250,900,0.0
/product/6E92ZMYYFZ,996,0,2724.6441425904795,1.1077862220069639,0.0,5.0,250,900,0.0
/product/9SIQT8TOJO,2006,0,1731.4691696810223,2.2362099540455165,0.0,5.0,250,900,0.0
/product/L9ECAV7KIM,886,0,2965.681898319278,0.9863769398870448,0.0,5.0,250,900,0.0
/product/LS4PSXUNUM,1993,0,1701.2622413922509,2.221301421533996,0.0,5.0,250,900,0.0
/product/OLJCESPC7Z,2544,0,900.6829007453634,2.8314100711640484,0.0,5.0,250,900,0.0
/setCurrency,2695,0,2713.684195865506,3.003838913424686,0.0,5.0,250,900,0.0
Aggregated,35566,0,1005.2093159084386,39.57340184461308,0.0,5.0,250,900,0.0
/,3024,3024,4124.80121535083,4.609769384492092,4.609769384492092,10.0,500,660,743.0594893527576
/cart,2169,0,3648.6313043030286,3.295138061974853,0.0,10.0,500,660,0.0
/cart/checkout,2017,2017,781.08326294942,3.074764009500238,3.074764009500238,10.0,500,660,865.0118114002724
/product/0PUK6V6EV0,2346,1827,2031.2684570872434,3.569473826421807,2.7799127956925593,10.0,500,660,1346.9564664738239
/product/1YMWWN1N4O,1777,987,2556.194747706932,2.7029491120904945,1.5016383956058301,10.0,500,660,351.9611721123369
/product/2ZYFJ3GM2N,1845,997,2684.53557568342,2.8072483542491633,1.516752095877906,10.0,500,660,329.648786510786
/product/66VCHSJNUP,2377,1747,2573.2831864920345,3.617416333225191,2.6576936325736096,10.0,500,660,1035.7887633740256
/product/6E92ZMYYFZ,2088,1170,2632.520229433339,3.1771018774618214,1.780199175307026,10.0,500,660,452.76234928243207
/product/9SIQT8TOJO,2234,1613,2469.870049016354,3.3987335240809826,2.4540704297744855,10.0,500,660,1023.1579379411925
/product/L9ECAV7KIM,2933,2599,1267.467609955505,4.465882527842007,3.9579148469500254,10.0,500,660,1227.822700541365
/product/LS4PSXUNUM,1799,980,2657.249713456582,2.737507632380471,1.4916957757282807,10.0,500,660,336.4371593334937
/product/OLJCESPC7Z,2672,2355,1150.124538890149,4.06837230151188,3.585880330269959,10.0,500,660,1070.6949207196642
/setCurrency,4174,3913,2407.307609412772,6.354534800704934,5.957109288623186,10.0,500,660,1408.880412921174
Aggregated,50883,44687,1776.0670530361283,77.4609821518563,68.0282370619558,10.0,500,660,1413.029775805797
/,4425,1908,8799.654022209977,6.169801106817568,2.660830666012967,10.0,500,720,324.55681183397735
/cart,2037,0,4668.336141775242,2.836120672735379,0.0,10.0,500,720,0.0
/cart/checkout,2135,2027,931.8559444745822,2.9798225144781596,2.8295793624876637,10.0,500,720,1826.7541080208596
/product/0PUK6V6EV0,3395,3040,1205.6708585861677,4.738798191408439,4.24287745044709,10.0,500,720,1512.6749767694655
/product/1YMWWN1N4O,3040,2829,1641.0163649146173,4.248778794853292,3.9539522015327093,10.0,500,720,866.9790846019899
/product/2ZYFJ3GM2N,2152,1162,2869.9069850297014,3.001093274214405,1.62148621681435,10.0,500,720,352.4115543795781
/product/66VCHSJNUP,3125,2926,1594.622233412469,4.366999534958036,4.088976272639279,10.0,500,720,739.0039507789702
/product/6E92ZMYYFZ,2392,1340,2764.1856112085984,3.3360044860563804,1.8692357576026368,10.0,500,720,475.40723797320834
/product/9SIQT8TOJO,2142,1272,2560.4487025999283,2.9876960857284462,1.7747806598804798,10.0,500,720,353.58432539649624
/product/L9ECAV7KIM,3093,2741,1225.201837641662,4.316960399481847,3.825931728450736,10.0,500,720,1186.8789523183466
/product/LS4PSXUNUM,2677,2002,2355.9830782933604,3.73389235099806,2.792109413802704,10.0,500,720,1251.4011583969564
/product/OLJCESPC7Z,3382,3139,1769.7041013842734,4.726759869911176,4.3871740737419405,10.0,500,720,1022.0944049420843
/setCurrency,4189,3927,2214.635140776901,5.845940094196682,5.480323127982632,10.0,500,720,1296.1185597583933
Aggregated,48966,46550,1883.6362040762451,68.41816996943348,65.04196987001629,10.0,500,720,791.992401098952
/,3632,3632,4192.610634578052,4.685551408501035,4.685551408501035,10.0,500,780,755.2749707283857
/cart,5036,2752,3045.004478689291,6.482461668871377,3.5421408588527954,10.0,500,780,325.70321271427304
/cart/checkout,1605,1158,2196.547427975528,2.0663660936670705,1.4914497208322808,10.0,500,780,614.7664895560965
/product/0PUK6V6EV0,2010,1091,2611.00989267855,2.5869456373015467,1.4052544202625685,10.0,500,780,284.7098650885029
/product/1YMWWN1N4O,2293,1274,2791.5669835587023,2.951834364858112,1.639907980476729,10.0,500,780,384.36945715689575
/product/2ZYFJ3GM2N,2201,1189,2709.3774794147503,2.833225805990863,1.5307876742816304,10.0,500,780,332.69925955864863
/product/66VCHSJNUP,3369,3154,1586.8407477504427,4.345689318936131,4.069022762916905,10.0,500,780,735.3977370145594
/product/6E92ZMYYFZ,3244,3052,1535.7282702492014,4.184995844810916,3.937305852458541,10.0,500,780,767.4036058153732
/product/9SIQT8TOJO,3345,3102,1557.621946018828,4.314516626752957,4.0009063873634245,10.0,500,780,817.1873743191331
/product/L9ECAV7KIM,3038,2861,1398.5226320862382,3.9184709381868115,3.6905095785753157,10.0,500,780,696.5388809404782
/product/LS4PSXUNUM,2138,1165,2670.9891014501923,2.7516619963103173,1.4994086327199934,10.0,500,780,338.17671758582594
/product/OLJCESPC7Z,3211,2830,1169.5848326487126,4.137209820780031,3.6465540071201605,10.0,500,780,1088.8112524545847
/setCurrency,1217,0,9936.224538860406,1.5646619354841265,0.0,10.0,500,780,0.0
Aggregated,23901,0,4959.463927615726,30.71612690178413,0.0,10.0,500,780,0.0
/,4086,4086,4379.3458126451,4.894241733663273,4.894241733663273,10.0,500,840,788.9142514632503
/cart,5053,2761,2837.0143346266154,6.039674754820697,3.3001936326075962,10.0,500,840,303.4559357042643
/cart/checkout,2631,2631,800.6148681444952,3.1516509171454143,3.1516509171454143,10.0,500,840,886.6421163764028
/product/0PUK6V6EV0,4287,3838,1304.6351795372873,5.127769975703758,4.591142885223131,10.0,500,840,1636.8389231978365
/product/1YMWWN1N4O,2939,2228,2078.1276763576807,3.5140980212952235,2.6633163950869063,10.0,500,840,1015.8954512078926
/product/2ZYFJ3GM2N,2885,2117,2485.428544484396,3.448412566702113,2.5306898674991314,10.0,500,840,824.8981846227981
/product/66VCHSJNUP,3153,2316,2681.3763032754982,3.7693692190227175,2.7693324874452614,10.0,500,840,1079.2980189235545
/product/6E92ZMYYFZ,1565,0,3432.368748988201,1.8682541722824269,0.0,10.0,500,840,0.0
/product/9SIQT8TOJO,3738,3466,1616.2971902451052,4.477043430795562,4.151619569085752,10.0,500,840,847.9706262432336
/product/L9ECAV7KIM,1273,0,3541.4519130354056,1.5201243773222535,0.0,10.0,500,840,0.0
/product/LS4PSXUNUM,3735,3504,1514.4186636994204,4.474032925090777,4.197529028752329,10.0,500,840,887.7500583977346
/product/OLJCESPC7Z,3694,3256,1249.2243620990077,4.41892127442285,3.894855658385985,10.0,500,840,1162.950736299716
/setCurrency,4996,4991,2681.5411607736814,5.984379206471365,5.97783890132768,10.0,500,840,844.8466095721632
Aggregated,51767,39894,3146.039539436973,61.87654841210215,47.68457335320673,10.0,500,840,1025.0285494871816
/,4363,4363,4364.52734101194,4.877680999389513,4.877680999389513,10.0,500,900,786.244788041899
/cart,6021,4888,3006.309352035799,6.717253027930717,5.453611369211077,10.0,500,900,949.2291635656054
/cart/checkout,2717,2580,948.7581922457267,3.033871317570941,2.880903015844675,10.0,500,900,1859.8882536297433
/product/0PUK6V6EV0,3813,3596,1443.7414636880317,4.262638971179621,4.020076055520691,10.0,500,900,908.1894493191066
/product/1YMWWN1N4O,3938,3527,1164.29183178353,4.39726731690277,3.9375530064992983,10.0,500,900,1492.9518497064553
/product/2ZYFJ3GM2N,3476,3239,1442.853430966143,3.8859351185590816,3.621525160186178,10.0,500,900,734.6665829204219
/product/66VCHSJNUP,3093,2272,2454.688349351765,3.4507005581564445,2.5352085733394283,10.0,500,900,988.0523928304005
/product/6E92ZMYYFZ,4167,3920,1709.2656146006334,4.657900511020138,4.382221541497809,10.0,500,900,854.1202381642087
/product/9SIQT8TOJO,1406,0,3008.375974951783,1.5665595324449244,0.0,10.0,500,900,0.0
/product/L9ECAV7KIM,3861,3636,1540.3420254620207,4.315829664219941,4.064751523376958,10.0,500,900,767.1725048027296
/product/LS4PSXUNUM,1227,0,3027.937881349228,1.3671897982876582,0.0,10.0,500,900,0.0
/product/OLJCESPC7Z,3540,3120,1117.3753363422504,3.952527500329702,3.4837742389054016,10.0,500,900,1040.207435547414
/setCurrency,4759,4225,6058.883726249454,5.309616247487974,4.713699721395049,10.0,500,900,1083.4064615804393
Aggregated,59879,56924,1842.7495560774673,66.93306917013521,63.63015365971646,10.0,500,900,774.8012288060409
